method	strategy	preprocessing_method	external_reference_strategy	calibration_method	evaluation_type	dataset_id	bin	n	mean_predicted	observed_fraction	bin_min	bin_max
robust_scale_external_adaptive	robust_scale_external_adaptive	cohort_robust_scale	external_cohort_adaptive	isotonic	external	GSE154918	(-0.001, 0.1]	36	0.00012730276352821665	0.027777777777777776	-0.001	0.1
robust_scale_external_adaptive	robust_scale_external_adaptive	cohort_robust_scale	external_cohort_adaptive	isotonic	external	GSE154918	(0.1, 0.2]	1	0.1316254817364189	0.0	0.1	0.2
robust_scale_external_adaptive	robust_scale_external_adaptive	cohort_robust_scale	external_cohort_adaptive	isotonic	external	GSE154918	(0.2, 0.3]	1	0.2022682023608923	0.0	0.2	0.3
robust_scale_external_adaptive	robust_scale_external_adaptive	cohort_robust_scale	external_cohort_adaptive	isotonic	external	GSE154918	(0.3, 0.4]	1	0.3689074645621621	1.0	0.3	0.4
robust_scale_external_adaptive	robust_scale_external_adaptive	cohort_robust_scale	external_cohort_adaptive	isotonic	external	GSE154918	(0.4, 0.5]	1	0.4327552072478032	0.0	0.4	0.5
robust_scale_external_adaptive	robust_scale_external_adaptive	cohort_robust_scale	external_cohort_adaptive	isotonic	external	GSE154918	(0.6, 0.7]	1	0.6167274782458658	0.0	0.6	0.7
robust_scale_external_adaptive	robust_scale_external_adaptive	cohort_robust_scale	external_cohort_adaptive	isotonic	external	GSE154918	(0.8, 0.9]	2	0.8376461729973048	0.5	0.8	0.9
robust_scale_external_adaptive	robust_scale_external_adaptive	cohort_robust_scale	external_cohort_adaptive	isotonic	external	GSE154918	(0.9, 1.0]	36	1.0	1.0	0.9	1.0
robust_scale_external_adaptive	robust_scale_external_adaptive	cohort_robust_scale	external_cohort_adaptive	isotonic	external	GSE28750	(-0.001, 0.1]	15	0.00443410686523538	0.0	-0.001	0.1
robust_scale_external_adaptive	robust_scale_external_adaptive	cohort_robust_scale	external_cohort_adaptive	isotonic	external	GSE28750	(0.2, 0.3]	2	0.25755016360200395	0.0	0.2	0.3
robust_scale_external_adaptive	robust_scale_external_adaptive	cohort_robust_scale	external_cohort_adaptive	isotonic	external	GSE28750	(0.3, 0.4]	1	0.3822406846346683	0.0	0.3	0.4
robust_scale_external_adaptive	robust_scale_external_adaptive	cohort_robust_scale	external_cohort_adaptive	isotonic	external	GSE28750	(0.5, 0.6]	2	0.5288824215650472	0.0	0.5	0.6
robust_scale_external_adaptive	robust_scale_external_adaptive	cohort_robust_scale	external_cohort_adaptive	isotonic	external	GSE28750	(0.9, 1.0]	10	1.0	1.0	0.9	1.0
robust_scale_external_adaptive	robust_scale_external_adaptive	cohort_robust_scale	external_cohort_adaptive	isotonic	external	GSE95233	(-0.001, 0.1]	23	0.0	0.043478260869565216	-0.001	0.1
robust_scale_external_adaptive	robust_scale_external_adaptive	cohort_robust_scale	external_cohort_adaptive	isotonic	external	GSE95233	(0.1, 0.2]	1	0.1496876035243035	1.0	0.1	0.2
robust_scale_external_adaptive	robust_scale_external_adaptive	cohort_robust_scale	external_cohort_adaptive	isotonic	external	GSE95233	(0.6, 0.7]	2	0.6675495883405795	1.0	0.6	0.7
robust_scale_external_adaptive	robust_scale_external_adaptive	cohort_robust_scale	external_cohort_adaptive	isotonic	external	GSE95233	(0.9, 1.0]	47	1.0	1.0	0.9	1.0
robust_scale_external_adaptive	robust_scale_external_adaptive	cohort_robust_scale	external_cohort_adaptive	none	external	GSE154918	(-0.001, 0.1]	38	0.013155362698080528	0.02631578947368421	-0.001	0.1
robust_scale_external_adaptive	robust_scale_external_adaptive	cohort_robust_scale	external_cohort_adaptive	none	external	GSE154918	(0.1, 0.2]	2	0.14848514376464444	0.5	0.1	0.2
robust_scale_external_adaptive	robust_scale_external_adaptive	cohort_robust_scale	external_cohort_adaptive	none	external	GSE154918	(0.2, 0.3]	1	0.286000040943903	0.0	0.2	0.3
robust_scale_external_adaptive	robust_scale_external_adaptive	cohort_robust_scale	external_cohort_adaptive	none	external	GSE154918	(0.4, 0.5]	1	0.4664870023076018	1.0	0.4	0.5
robust_scale_external_adaptive	robust_scale_external_adaptive	cohort_robust_scale	external_cohort_adaptive	none	external	GSE154918	(0.5, 0.6]	1	0.5043650839920041	0.0	0.5	0.6
robust_scale_external_adaptive	robust_scale_external_adaptive	cohort_robust_scale	external_cohort_adaptive	none	external	GSE154918	(0.8, 0.9]	1	0.89782048951539	1.0	0.8	0.9
robust_scale_external_adaptive	robust_scale_external_adaptive	cohort_robust_scale	external_cohort_adaptive	none	external	GSE154918	(0.9, 1.0]	35	0.9931522463157841	1.0	0.9	1.0
robust_scale_external_adaptive	robust_scale_external_adaptive	cohort_robust_scale	external_cohort_adaptive	none	external	GSE28750	(-0.001, 0.1]	17	0.021449164030771288	0.0	-0.001	0.1
robust_scale_external_adaptive	robust_scale_external_adaptive	cohort_robust_scale	external_cohort_adaptive	none	external	GSE28750	(0.1, 0.2]	1	0.1389559439618455	0.0	0.1	0.2
robust_scale_external_adaptive	robust_scale_external_adaptive	cohort_robust_scale	external_cohort_adaptive	none	external	GSE28750	(0.2, 0.3]	2	0.2218173653065326	0.0	0.2	0.3
robust_scale_external_adaptive	robust_scale_external_adaptive	cohort_robust_scale	external_cohort_adaptive	none	external	GSE28750	(0.9, 1.0]	10	0.9974246682687398	1.0	0.9	1.0
robust_scale_external_adaptive	robust_scale_external_adaptive	cohort_robust_scale	external_cohort_adaptive	none	external	GSE95233	(-0.001, 0.1]	24	0.00324697290629029	0.08333333333333333	-0.001	0.1
robust_scale_external_adaptive	robust_scale_external_adaptive	cohort_robust_scale	external_cohort_adaptive	none	external	GSE95233	(0.3, 0.4]	2	0.3279393262074824	1.0	0.3	0.4
robust_scale_external_adaptive	robust_scale_external_adaptive	cohort_robust_scale	external_cohort_adaptive	none	external	GSE95233	(0.6, 0.7]	2	0.6509658071809683	1.0	0.6	0.7
robust_scale_external_adaptive	robust_scale_external_adaptive	cohort_robust_scale	external_cohort_adaptive	none	external	GSE95233	(0.7, 0.8]	1	0.7772919731939256	1.0	0.7	0.8
robust_scale_external_adaptive	robust_scale_external_adaptive	cohort_robust_scale	external_cohort_adaptive	none	external	GSE95233	(0.8, 0.9]	5	0.8762785918468474	1.0	0.8	0.9
robust_scale_external_adaptive	robust_scale_external_adaptive	cohort_robust_scale	external_cohort_adaptive	none	external	GSE95233	(0.9, 1.0]	39	0.9865144250144456	1.0	0.9	1.0
robust_scale_external_adaptive	robust_scale_external_adaptive	cohort_robust_scale	external_cohort_adaptive	sigmoid	external	GSE154918	(-0.001, 0.1]	13	0.07260985528360013	0.0	-0.001	0.1
robust_scale_external_adaptive	robust_scale_external_adaptive	cohort_robust_scale	external_cohort_adaptive	sigmoid	external	GSE154918	(0.1, 0.2]	18	0.14855188767611918	0.0	0.1	0.2
robust_scale_external_adaptive	robust_scale_external_adaptive	cohort_robust_scale	external_cohort_adaptive	sigmoid	external	GSE154918	(0.2, 0.3]	6	0.22698251490817434	0.16666666666666666	0.2	0.3
robust_scale_external_adaptive	robust_scale_external_adaptive	cohort_robust_scale	external_cohort_adaptive	sigmoid	external	GSE154918	(0.3, 0.4]	3	0.35154260990060227	0.3333333333333333	0.3	0.4
robust_scale_external_adaptive	robust_scale_external_adaptive	cohort_robust_scale	external_cohort_adaptive	sigmoid	external	GSE154918	(0.4, 0.5]	1	0.4659550860419791	0.0	0.4	0.5
robust_scale_external_adaptive	robust_scale_external_adaptive	cohort_robust_scale	external_cohort_adaptive	sigmoid	external	GSE154918	(0.5, 0.6]	2	0.5595942878139126	0.5	0.5	0.6
robust_scale_external_adaptive	robust_scale_external_adaptive	cohort_robust_scale	external_cohort_adaptive	sigmoid	external	GSE154918	(0.7, 0.8]	2	0.7758157388008684	1.0	0.7	0.8
robust_scale_external_adaptive	robust_scale_external_adaptive	cohort_robust_scale	external_cohort_adaptive	sigmoid	external	GSE154918	(0.8, 0.9]	3	0.8361191992935754	1.0	0.8	0.9
robust_scale_external_adaptive	robust_scale_external_adaptive	cohort_robust_scale	external_cohort_adaptive	sigmoid	external	GSE154918	(0.9, 1.0]	31	0.9864920863815314	1.0	0.9	1.0
robust_scale_external_adaptive	robust_scale_external_adaptive	cohort_robust_scale	external_cohort_adaptive	sigmoid	external	GSE28750	(-0.001, 0.1]	6	0.054092029783189687	0.0	-0.001	0.1
robust_scale_external_adaptive	robust_scale_external_adaptive	cohort_robust_scale	external_cohort_adaptive	sigmoid	external	GSE28750	(0.1, 0.2]	6	0.15304509575433584	0.0	0.1	0.2
robust_scale_external_adaptive	robust_scale_external_adaptive	cohort_robust_scale	external_cohort_adaptive	sigmoid	external	GSE28750	(0.2, 0.3]	3	0.23361785789411785	0.0	0.2	0.3
robust_scale_external_adaptive	robust_scale_external_adaptive	cohort_robust_scale	external_cohort_adaptive	sigmoid	external	GSE28750	(0.3, 0.4]	3	0.3373531397261356	0.0	0.3	0.4
robust_scale_external_adaptive	robust_scale_external_adaptive	cohort_robust_scale	external_cohort_adaptive	sigmoid	external	GSE28750	(0.4, 0.5]	2	0.4290145106433618	0.0	0.4	0.5
robust_scale_external_adaptive	robust_scale_external_adaptive	cohort_robust_scale	external_cohort_adaptive	sigmoid	external	GSE28750	(0.8, 0.9]	2	0.8975670912131555	1.0	0.8	0.9
robust_scale_external_adaptive	robust_scale_external_adaptive	cohort_robust_scale	external_cohort_adaptive	sigmoid	external	GSE28750	(0.9, 1.0]	8	0.9988531766290889	1.0	0.9	1.0
robust_scale_external_adaptive	robust_scale_external_adaptive	cohort_robust_scale	external_cohort_adaptive	sigmoid	external	GSE95233	(-0.001, 0.1]	22	0.01322135486622576	0.0	-0.001	0.1
robust_scale_external_adaptive	robust_scale_external_adaptive	cohort_robust_scale	external_cohort_adaptive	sigmoid	external	GSE95233	(0.1, 0.2]	1	0.1681362828205336	1.0	0.1	0.2
robust_scale_external_adaptive	robust_scale_external_adaptive	cohort_robust_scale	external_cohort_adaptive	sigmoid	external	GSE95233	(0.2, 0.3]	1	0.2826759200448103	1.0	0.2	0.3
robust_scale_external_adaptive	robust_scale_external_adaptive	cohort_robust_scale	external_cohort_adaptive	sigmoid	external	GSE95233	(0.4, 0.5]	2	0.4875290980593134	1.0	0.4	0.5
robust_scale_external_adaptive	robust_scale_external_adaptive	cohort_robust_scale	external_cohort_adaptive	sigmoid	external	GSE95233	(0.6, 0.7]	3	0.6520055096565197	1.0	0.6	0.7
robust_scale_external_adaptive	robust_scale_external_adaptive	cohort_robust_scale	external_cohort_adaptive	sigmoid	external	GSE95233	(0.7, 0.8]	5	0.7551331836515679	1.0	0.7	0.8
robust_scale_external_adaptive	robust_scale_external_adaptive	cohort_robust_scale	external_cohort_adaptive	sigmoid	external	GSE95233	(0.8, 0.9]	13	0.8537498826041853	1.0	0.8	0.9
robust_scale_external_adaptive	robust_scale_external_adaptive	cohort_robust_scale	external_cohort_adaptive	sigmoid	external	GSE95233	(0.9, 1.0]	26	0.9492455423687243	1.0	0.9	1.0
robust_scale_external_adaptive	robust_scale_external_adaptive	cohort_robust_scale	training_fold_only	isotonic	internal_cv	GSE65682	(-0.001, 0.1]	41	0.0	0.0	-0.001	0.1
robust_scale_external_adaptive	robust_scale_external_adaptive	cohort_robust_scale	training_fold_only	isotonic	internal_cv	GSE65682	(0.1, 0.2]	1	0.1665941322894394	0.0	0.1	0.2
robust_scale_external_adaptive	robust_scale_external_adaptive	cohort_robust_scale	training_fold_only	isotonic	internal_cv	GSE65682	(0.7, 0.8]	1	0.7143291066260902	1.0	0.7	0.8
robust_scale_external_adaptive	robust_scale_external_adaptive	cohort_robust_scale	training_fold_only	isotonic	internal_cv	GSE65682	(0.9, 1.0]	50	1.0	1.0	0.9	1.0
robust_scale_external_adaptive	robust_scale_external_adaptive	cohort_robust_scale	training_fold_only	none	internal_cv	GSE65682	(-0.001, 0.1]	42	0.0009217283357757877	0.0	-0.001	0.1
robust_scale_external_adaptive	robust_scale_external_adaptive	cohort_robust_scale	training_fold_only	none	internal_cv	GSE65682	(0.6, 0.7]	1	0.6921450494790697	1.0	0.6	0.7
robust_scale_external_adaptive	robust_scale_external_adaptive	cohort_robust_scale	training_fold_only	none	internal_cv	GSE65682	(0.9, 1.0]	50	0.9989654177497581	1.0	0.9	1.0
robust_scale_external_adaptive	robust_scale_external_adaptive	cohort_robust_scale	training_fold_only	sigmoid	internal_cv	GSE65682	(-0.001, 0.1]	39	0.02265258013029766	0.0	-0.001	0.1
robust_scale_external_adaptive	robust_scale_external_adaptive	cohort_robust_scale	training_fold_only	sigmoid	internal_cv	GSE65682	(0.1, 0.2]	2	0.12390793796736539	0.0	0.1	0.2
robust_scale_external_adaptive	robust_scale_external_adaptive	cohort_robust_scale	training_fold_only	sigmoid	internal_cv	GSE65682	(0.2, 0.3]	1	0.2104519808632163	0.0	0.2	0.3
robust_scale_external_adaptive	robust_scale_external_adaptive	cohort_robust_scale	training_fold_only	sigmoid	internal_cv	GSE65682	(0.6, 0.7]	1	0.6419291599963407	1.0	0.6	0.7
robust_scale_external_adaptive	robust_scale_external_adaptive	cohort_robust_scale	training_fold_only	sigmoid	internal_cv	GSE65682	(0.8, 0.9]	1	0.8391383131596086	1.0	0.8	0.9
robust_scale_external_adaptive	robust_scale_external_adaptive	cohort_robust_scale	training_fold_only	sigmoid	internal_cv	GSE65682	(0.9, 1.0]	49	0.9822832761339132	1.0	0.9	1.0
robust_scale_train_only	robust_scale_train_only	cohort_robust_scale	training_fold_only	isotonic	internal_cv	GSE65682	(-0.001, 0.1]	41	0.0	0.0	-0.001	0.1
robust_scale_train_only	robust_scale_train_only	cohort_robust_scale	training_fold_only	isotonic	internal_cv	GSE65682	(0.1, 0.2]	1	0.1665941322894394	0.0	0.1	0.2
robust_scale_train_only	robust_scale_train_only	cohort_robust_scale	training_fold_only	isotonic	internal_cv	GSE65682	(0.7, 0.8]	1	0.7143291066260902	1.0	0.7	0.8
robust_scale_train_only	robust_scale_train_only	cohort_robust_scale	training_fold_only	isotonic	internal_cv	GSE65682	(0.9, 1.0]	50	1.0	1.0	0.9	1.0
robust_scale_train_only	robust_scale_train_only	cohort_robust_scale	training_fold_only	none	internal_cv	GSE65682	(-0.001, 0.1]	42	0.0009217283357757877	0.0	-0.001	0.1
robust_scale_train_only	robust_scale_train_only	cohort_robust_scale	training_fold_only	none	internal_cv	GSE65682	(0.6, 0.7]	1	0.6921450494790697	1.0	0.6	0.7
robust_scale_train_only	robust_scale_train_only	cohort_robust_scale	training_fold_only	none	internal_cv	GSE65682	(0.9, 1.0]	50	0.9989654177497581	1.0	0.9	1.0
robust_scale_train_only	robust_scale_train_only	cohort_robust_scale	training_fold_only	sigmoid	internal_cv	GSE65682	(-0.001, 0.1]	39	0.02265258013029766	0.0	-0.001	0.1
robust_scale_train_only	robust_scale_train_only	cohort_robust_scale	training_fold_only	sigmoid	internal_cv	GSE65682	(0.1, 0.2]	2	0.12390793796736539	0.0	0.1	0.2
robust_scale_train_only	robust_scale_train_only	cohort_robust_scale	training_fold_only	sigmoid	internal_cv	GSE65682	(0.2, 0.3]	1	0.2104519808632163	0.0	0.2	0.3
robust_scale_train_only	robust_scale_train_only	cohort_robust_scale	training_fold_only	sigmoid	internal_cv	GSE65682	(0.6, 0.7]	1	0.6419291599963407	1.0	0.6	0.7
robust_scale_train_only	robust_scale_train_only	cohort_robust_scale	training_fold_only	sigmoid	internal_cv	GSE65682	(0.8, 0.9]	1	0.8391383131596086	1.0	0.8	0.9
robust_scale_train_only	robust_scale_train_only	cohort_robust_scale	training_fold_only	sigmoid	internal_cv	GSE65682	(0.9, 1.0]	49	0.9822832761339132	1.0	0.9	1.0
robust_scale_train_only	robust_scale_train_only	cohort_robust_scale	training_only	isotonic	external	GSE154918	(-0.001, 0.1]	79	0.0	0.4936708860759494	-0.001	0.1
robust_scale_train_only	robust_scale_train_only	cohort_robust_scale	training_only	isotonic	external	GSE28750	(-0.001, 0.1]	25	0.001046624600234592	0.2	-0.001	0.1
robust_scale_train_only	robust_scale_train_only	cohort_robust_scale	training_only	isotonic	external	GSE28750	(0.1, 0.2]	1	0.1960587332091328	1.0	0.1	0.2
robust_scale_train_only	robust_scale_train_only	cohort_robust_scale	training_only	isotonic	external	GSE28750	(0.3, 0.4]	1	0.356074394118794	1.0	0.3	0.4
robust_scale_train_only	robust_scale_train_only	cohort_robust_scale	training_only	isotonic	external	GSE28750	(0.4, 0.5]	1	0.4053202536031924	1.0	0.4	0.5
robust_scale_train_only	robust_scale_train_only	cohort_robust_scale	training_only	isotonic	external	GSE28750	(0.7, 0.8]	1	0.7169821266809208	1.0	0.7	0.8
robust_scale_train_only	robust_scale_train_only	cohort_robust_scale	training_only	isotonic	external	GSE28750	(0.9, 1.0]	1	0.9732226663728788	1.0	0.9	1.0
robust_scale_train_only	robust_scale_train_only	cohort_robust_scale	training_only	isotonic	external	GSE95233	(-0.001, 0.1]	40	0.004147106656562262	0.45	-0.001	0.1
robust_scale_train_only	robust_scale_train_only	cohort_robust_scale	training_only	isotonic	external	GSE95233	(0.1, 0.2]	4	0.143224140599054	1.0	0.1	0.2
robust_scale_train_only	robust_scale_train_only	cohort_robust_scale	training_only	isotonic	external	GSE95233	(0.2, 0.3]	4	0.2488120879168244	1.0	0.2	0.3
robust_scale_train_only	robust_scale_train_only	cohort_robust_scale	training_only	isotonic	external	GSE95233	(0.3, 0.4]	5	0.35198954290535156	1.0	0.3	0.4
robust_scale_train_only	robust_scale_train_only	cohort_robust_scale	training_only	isotonic	external	GSE95233	(0.4, 0.5]	7	0.45095042905293425	1.0	0.4	0.5
robust_scale_train_only	robust_scale_train_only	cohort_robust_scale	training_only	isotonic	external	GSE95233	(0.5, 0.6]	1	0.5286630206155324	1.0	0.5	0.6
robust_scale_train_only	robust_scale_train_only	cohort_robust_scale	training_only	isotonic	external	GSE95233	(0.6, 0.7]	1	0.6323996908182948	1.0	0.6	0.7
robust_scale_train_only	robust_scale_train_only	cohort_robust_scale	training_only	isotonic	external	GSE95233	(0.7, 0.8]	3	0.7753952902657243	1.0	0.7	0.8
robust_scale_train_only	robust_scale_train_only	cohort_robust_scale	training_only	isotonic	external	GSE95233	(0.8, 0.9]	2	0.8623418587069747	1.0	0.8	0.9
robust_scale_train_only	robust_scale_train_only	cohort_robust_scale	training_only	isotonic	external	GSE95233	(0.9, 1.0]	6	0.9937357868050342	1.0	0.9	1.0
robust_scale_train_only	robust_scale_train_only	cohort_robust_scale	training_only	none	external	GSE154918	(-0.001, 0.1]	79	1.1185864049886724e-18	0.4936708860759494	-0.001	0.1
robust_scale_train_only	robust_scale_train_only	cohort_robust_scale	training_only	none	external	GSE28750	(-0.001, 0.1]	26	0.004318993251042843	0.23076923076923078	-0.001	0.1
robust_scale_train_only	robust_scale_train_only	cohort_robust_scale	training_only	none	external	GSE28750	(0.1, 0.2]	2	0.1386341864323768	1.0	0.1	0.2
robust_scale_train_only	robust_scale_train_only	cohort_robust_scale	training_only	none	external	GSE28750	(0.3, 0.4]	1	0.3714020042699582	1.0	0.3	0.4
robust_scale_train_only	robust_scale_train_only	cohort_robust_scale	training_only	none	external	GSE28750	(0.6, 0.7]	1	0.614727800733638	1.0	0.6	0.7
robust_scale_train_only	robust_scale_train_only	cohort_robust_scale	training_only	none	external	GSE95233	(-0.001, 0.1]	48	0.018665638359946963	0.5416666666666666	-0.001	0.1
robust_scale_train_only	robust_scale_train_only	cohort_robust_scale	training_only	none	external	GSE95233	(0.1, 0.2]	11	0.14997928934402158	1.0	0.1	0.2
robust_scale_train_only	robust_scale_train_only	cohort_robust_scale	training_only	none	external	GSE95233	(0.2, 0.3]	3	0.24091879824119866	1.0	0.2	0.3
robust_scale_train_only	robust_scale_train_only	cohort_robust_scale	training_only	none	external	GSE95233	(0.4, 0.5]	4	0.43919867795278356	1.0	0.4	0.5
robust_scale_train_only	robust_scale_train_only	cohort_robust_scale	training_only	none	external	GSE95233	(0.5, 0.6]	1	0.5389466791147699	1.0	0.5	0.6
robust_scale_train_only	robust_scale_train_only	cohort_robust_scale	training_only	none	external	GSE95233	(0.6, 0.7]	3	0.6408711472276876	1.0	0.6	0.7
robust_scale_train_only	robust_scale_train_only	cohort_robust_scale	training_only	none	external	GSE95233	(0.7, 0.8]	3	0.7526053170057937	1.0	0.7	0.8
robust_scale_train_only	robust_scale_train_only	cohort_robust_scale	training_only	sigmoid	external	GSE154918	(-0.001, 0.1]	79	3.0231166469639378e-09	0.4936708860759494	-0.001	0.1
robust_scale_train_only	robust_scale_train_only	cohort_robust_scale	training_only	sigmoid	external	GSE28750	(-0.001, 0.1]	24	0.0035375578299027305	0.16666666666666666	-0.001	0.1
robust_scale_train_only	robust_scale_train_only	cohort_robust_scale	training_only	sigmoid	external	GSE28750	(0.2, 0.3]	2	0.2705020051063474	1.0	0.2	0.3
robust_scale_train_only	robust_scale_train_only	cohort_robust_scale	training_only	sigmoid	external	GSE28750	(0.3, 0.4]	2	0.3686878462003047	1.0	0.3	0.4
robust_scale_train_only	robust_scale_train_only	cohort_robust_scale	training_only	sigmoid	external	GSE28750	(0.5, 0.6]	1	0.5085563062469968	1.0	0.5	0.6
robust_scale_train_only	robust_scale_train_only	cohort_robust_scale	training_only	sigmoid	external	GSE28750	(0.6, 0.7]	1	0.615458026426834	1.0	0.6	0.7
robust_scale_train_only	robust_scale_train_only	cohort_robust_scale	training_only	sigmoid	external	GSE95233	(-0.001, 0.1]	26	0.008095721809023407	0.15384615384615385	-0.001	0.1
robust_scale_train_only	robust_scale_train_only	cohort_robust_scale	training_only	sigmoid	external	GSE95233	(0.1, 0.2]	8	0.1472332629267107	1.0	0.1	0.2
robust_scale_train_only	robust_scale_train_only	cohort_robust_scale	training_only	sigmoid	external	GSE95233	(0.2, 0.3]	10	0.25214142368359244	1.0	0.2	0.3
robust_scale_train_only	robust_scale_train_only	cohort_robust_scale	training_only	sigmoid	external	GSE95233	(0.3, 0.4]	14	0.35809390485869536	1.0	0.3	0.4
robust_scale_train_only	robust_scale_train_only	cohort_robust_scale	training_only	sigmoid	external	GSE95233	(0.4, 0.5]	4	0.4316121605823837	1.0	0.4	0.5
robust_scale_train_only	robust_scale_train_only	cohort_robust_scale	training_only	sigmoid	external	GSE95233	(0.5, 0.6]	5	0.5479692331919395	1.0	0.5	0.6
robust_scale_train_only	robust_scale_train_only	cohort_robust_scale	training_only	sigmoid	external	GSE95233	(0.6, 0.7]	6	0.6537168701110926	1.0	0.6	0.7
sample_rank_zscore	sample_rank_zscore	sample_rank_zscore	sample_wise_rank_then_training_only	isotonic	external	GSE154918	(-0.001, 0.1]	22	0.022459885952060048	0.0	-0.001	0.1
sample_rank_zscore	sample_rank_zscore	sample_rank_zscore	sample_wise_rank_then_training_only	isotonic	external	GSE154918	(0.1, 0.2]	2	0.19223261020493895	0.5	0.1	0.2
sample_rank_zscore	sample_rank_zscore	sample_rank_zscore	sample_wise_rank_then_training_only	isotonic	external	GSE154918	(0.2, 0.3]	8	0.24804862429391855	0.0	0.2	0.3
sample_rank_zscore	sample_rank_zscore	sample_rank_zscore	sample_wise_rank_then_training_only	isotonic	external	GSE154918	(0.3, 0.4]	5	0.34780366757286185	0.0	0.3	0.4
sample_rank_zscore	sample_rank_zscore	sample_rank_zscore	sample_wise_rank_then_training_only	isotonic	external	GSE154918	(0.5, 0.6]	2	0.564619725961079	0.0	0.5	0.6
sample_rank_zscore	sample_rank_zscore	sample_rank_zscore	sample_wise_rank_then_training_only	isotonic	external	GSE154918	(0.6, 0.7]	1	0.6975543938214132	1.0	0.6	0.7
sample_rank_zscore	sample_rank_zscore	sample_rank_zscore	sample_wise_rank_then_training_only	isotonic	external	GSE154918	(0.7, 0.8]	1	0.7496219681670256	0.0	0.7	0.8
sample_rank_zscore	sample_rank_zscore	sample_rank_zscore	sample_wise_rank_then_training_only	isotonic	external	GSE154918	(0.8, 0.9]	1	0.8657183245017128	0.0	0.8	0.9
sample_rank_zscore	sample_rank_zscore	sample_rank_zscore	sample_wise_rank_then_training_only	isotonic	external	GSE154918	(0.9, 1.0]	37	0.9999353983859325	1.0	0.9	1.0
sample_rank_zscore	sample_rank_zscore	sample_rank_zscore	sample_wise_rank_then_training_only	isotonic	external	GSE28750	(-0.001, 0.1]	19	0.0	0.0	-0.001	0.1
sample_rank_zscore	sample_rank_zscore	sample_rank_zscore	sample_wise_rank_then_training_only	isotonic	external	GSE28750	(0.2, 0.3]	1	0.2044791480708163	0.0	0.2	0.3
sample_rank_zscore	sample_rank_zscore	sample_rank_zscore	sample_wise_rank_then_training_only	isotonic	external	GSE28750	(0.8, 0.9]	1	0.8408690059790399	1.0	0.8	0.9
sample_rank_zscore	sample_rank_zscore	sample_rank_zscore	sample_wise_rank_then_training_only	isotonic	external	GSE28750	(0.9, 1.0]	9	1.0	1.0	0.9	1.0
sample_rank_zscore	sample_rank_zscore	sample_rank_zscore	sample_wise_rank_then_training_only	isotonic	external	GSE95233	(-0.001, 0.1]	15	0.0	0.0	-0.001	0.1
sample_rank_zscore	sample_rank_zscore	sample_rank_zscore	sample_wise_rank_then_training_only	isotonic	external	GSE95233	(0.1, 0.2]	2	0.16696468286217808	0.0	0.1	0.2
sample_rank_zscore	sample_rank_zscore	sample_rank_zscore	sample_wise_rank_then_training_only	isotonic	external	GSE95233	(0.2, 0.3]	1	0.2927156283339119	0.0	0.2	0.3
sample_rank_zscore	sample_rank_zscore	sample_rank_zscore	sample_wise_rank_then_training_only	isotonic	external	GSE95233	(0.3, 0.4]	2	0.3082952255688632	0.0	0.3	0.4
sample_rank_zscore	sample_rank_zscore	sample_rank_zscore	sample_wise_rank_then_training_only	isotonic	external	GSE95233	(0.5, 0.6]	1	0.5957589390873828	0.0	0.5	0.6
sample_rank_zscore	sample_rank_zscore	sample_rank_zscore	sample_wise_rank_then_training_only	isotonic	external	GSE95233	(0.7, 0.8]	1	0.7529137379322399	0.0	0.7	0.8
sample_rank_zscore	sample_rank_zscore	sample_rank_zscore	sample_wise_rank_then_training_only	isotonic	external	GSE95233	(0.9, 1.0]	51	1.0	1.0	0.9	1.0
sample_rank_zscore	sample_rank_zscore	sample_rank_zscore	sample_wise_rank_then_training_only	none	external	GSE154918	(-0.001, 0.1]	37	0.016553370600511107	0.02702702702702703	-0.001	0.1
sample_rank_zscore	sample_rank_zscore	sample_rank_zscore	sample_wise_rank_then_training_only	none	external	GSE154918	(0.1, 0.2]	3	0.14266691741897075	0.3333333333333333	0.1	0.2
sample_rank_zscore	sample_rank_zscore	sample_rank_zscore	sample_wise_rank_then_training_only	none	external	GSE154918	(0.2, 0.3]	1	0.2429672867849623	0.0	0.2	0.3
sample_rank_zscore	sample_rank_zscore	sample_rank_zscore	sample_wise_rank_then_training_only	none	external	GSE154918	(0.3, 0.4]	1	0.3622807241020563	0.0	0.3	0.4
sample_rank_zscore	sample_rank_zscore	sample_rank_zscore	sample_wise_rank_then_training_only	none	external	GSE154918	(0.5, 0.6]	1	0.5207898779190503	1.0	0.5	0.6
sample_rank_zscore	sample_rank_zscore	sample_rank_zscore	sample_wise_rank_then_training_only	none	external	GSE154918	(0.7, 0.8]	2	0.7893347964374012	1.0	0.7	0.8
sample_rank_zscore	sample_rank_zscore	sample_rank_zscore	sample_wise_rank_then_training_only	none	external	GSE154918	(0.8, 0.9]	4	0.8645541739488974	1.0	0.8	0.9
sample_rank_zscore	sample_rank_zscore	sample_rank_zscore	sample_wise_rank_then_training_only	none	external	GSE154918	(0.9, 1.0]	30	0.995970820986746	1.0	0.9	1.0
sample_rank_zscore	sample_rank_zscore	sample_rank_zscore	sample_wise_rank_then_training_only	none	external	GSE28750	(-0.001, 0.1]	20	0.003293951494387875	0.0	-0.001	0.1
sample_rank_zscore	sample_rank_zscore	sample_rank_zscore	sample_wise_rank_then_training_only	none	external	GSE28750	(0.3, 0.4]	1	0.3345457873175147	1.0	0.3	0.4
sample_rank_zscore	sample_rank_zscore	sample_rank_zscore	sample_wise_rank_then_training_only	none	external	GSE28750	(0.7, 0.8]	1	0.7727376268597184	1.0	0.7	0.8
sample_rank_zscore	sample_rank_zscore	sample_rank_zscore	sample_wise_rank_then_training_only	none	external	GSE28750	(0.9, 1.0]	8	0.9998879645550726	1.0	0.9	1.0
sample_rank_zscore	sample_rank_zscore	sample_rank_zscore	sample_wise_rank_then_training_only	none	external	GSE95233	(-0.001, 0.1]	20	0.00810055241130526	0.0	-0.001	0.1
sample_rank_zscore	sample_rank_zscore	sample_rank_zscore	sample_wise_rank_then_training_only	none	external	GSE95233	(0.1, 0.2]	1	0.1308766593956438	0.0	0.1	0.2
sample_rank_zscore	sample_rank_zscore	sample_rank_zscore	sample_wise_rank_then_training_only	none	external	GSE95233	(0.2, 0.3]	1	0.245957564913929	0.0	0.2	0.3
sample_rank_zscore	sample_rank_zscore	sample_rank_zscore	sample_wise_rank_then_training_only	none	external	GSE95233	(0.8, 0.9]	1	0.8644158437864887	1.0	0.8	0.9
sample_rank_zscore	sample_rank_zscore	sample_rank_zscore	sample_wise_rank_then_training_only	none	external	GSE95233	(0.9, 1.0]	50	0.9992856913200715	1.0	0.9	1.0
sample_rank_zscore	sample_rank_zscore	sample_rank_zscore	sample_wise_rank_then_training_only	sigmoid	external	GSE154918	(0.1, 0.2]	9	0.16352481655241047	0.0	0.1	0.2
sample_rank_zscore	sample_rank_zscore	sample_rank_zscore	sample_wise_rank_then_training_only	sigmoid	external	GSE154918	(0.2, 0.3]	13	0.2372220353941414	0.0	0.2	0.3
sample_rank_zscore	sample_rank_zscore	sample_rank_zscore	sample_wise_rank_then_training_only	sigmoid	external	GSE154918	(0.3, 0.4]	15	0.3381543055200583	0.06666666666666667	0.3	0.4
sample_rank_zscore	sample_rank_zscore	sample_rank_zscore	sample_wise_rank_then_training_only	sigmoid	external	GSE154918	(0.4, 0.5]	2	0.4731400302207461	0.0	0.4	0.5
sample_rank_zscore	sample_rank_zscore	sample_rank_zscore	sample_wise_rank_then_training_only	sigmoid	external	GSE154918	(0.5, 0.6]	2	0.5502805412386722	0.5	0.5	0.6
sample_rank_zscore	sample_rank_zscore	sample_rank_zscore	sample_wise_rank_then_training_only	sigmoid	external	GSE154918	(0.6, 0.7]	2	0.64670862569904	0.5	0.6	0.7
sample_rank_zscore	sample_rank_zscore	sample_rank_zscore	sample_wise_rank_then_training_only	sigmoid	external	GSE154918	(0.7, 0.8]	3	0.7817788244983103	1.0	0.7	0.8
sample_rank_zscore	sample_rank_zscore	sample_rank_zscore	sample_wise_rank_then_training_only	sigmoid	external	GSE154918	(0.8, 0.9]	4	0.8296490586815305	1.0	0.8	0.9
sample_rank_zscore	sample_rank_zscore	sample_rank_zscore	sample_wise_rank_then_training_only	sigmoid	external	GSE154918	(0.9, 1.0]	29	0.9656339109926899	1.0	0.9	1.0
sample_rank_zscore	sample_rank_zscore	sample_rank_zscore	sample_wise_rank_then_training_only	sigmoid	external	GSE28750	(-0.001, 0.1]	5	0.07626595516802064	0.0	-0.001	0.1
sample_rank_zscore	sample_rank_zscore	sample_rank_zscore	sample_wise_rank_then_training_only	sigmoid	external	GSE28750	(0.1, 0.2]	10	0.14623461374244018	0.0	0.1	0.2
sample_rank_zscore	sample_rank_zscore	sample_rank_zscore	sample_wise_rank_then_training_only	sigmoid	external	GSE28750	(0.2, 0.3]	4	0.20478208202787482	0.0	0.2	0.3
sample_rank_zscore	sample_rank_zscore	sample_rank_zscore	sample_wise_rank_then_training_only	sigmoid	external	GSE28750	(0.3, 0.4]	1	0.3081702410811854	0.0	0.3	0.4
sample_rank_zscore	sample_rank_zscore	sample_rank_zscore	sample_wise_rank_then_training_only	sigmoid	external	GSE28750	(0.6, 0.7]	1	0.6059357933447631	1.0	0.6	0.7
sample_rank_zscore	sample_rank_zscore	sample_rank_zscore	sample_wise_rank_then_training_only	sigmoid	external	GSE28750	(0.7, 0.8]	1	0.7661872911331132	1.0	0.7	0.8
sample_rank_zscore	sample_rank_zscore	sample_rank_zscore	sample_wise_rank_then_training_only	sigmoid	external	GSE28750	(0.9, 1.0]	8	0.993339318908096	1.0	0.9	1.0
sample_rank_zscore	sample_rank_zscore	sample_rank_zscore	sample_wise_rank_then_training_only	sigmoid	external	GSE95233	(-0.001, 0.1]	7	0.041165079162498716	0.0	-0.001	0.1
sample_rank_zscore	sample_rank_zscore	sample_rank_zscore	sample_wise_rank_then_training_only	sigmoid	external	GSE95233	(0.1, 0.2]	7	0.1476229086248372	0.0	0.1	0.2
sample_rank_zscore	sample_rank_zscore	sample_rank_zscore	sample_wise_rank_then_training_only	sigmoid	external	GSE95233	(0.2, 0.3]	2	0.2400284227882568	0.0	0.2	0.3
sample_rank_zscore	sample_rank_zscore	sample_rank_zscore	sample_wise_rank_then_training_only	sigmoid	external	GSE95233	(0.3, 0.4]	4	0.3394253905802743	0.0	0.3	0.4
sample_rank_zscore	sample_rank_zscore	sample_rank_zscore	sample_wise_rank_then_training_only	sigmoid	external	GSE95233	(0.4, 0.5]	1	0.4882698202608313	0.0	0.4	0.5
sample_rank_zscore	sample_rank_zscore	sample_rank_zscore	sample_wise_rank_then_training_only	sigmoid	external	GSE95233	(0.5, 0.6]	1	0.5643967344005161	0.0	0.5	0.6
sample_rank_zscore	sample_rank_zscore	sample_rank_zscore	sample_wise_rank_then_training_only	sigmoid	external	GSE95233	(0.8, 0.9]	2	0.8471123729227963	1.0	0.8	0.9
sample_rank_zscore	sample_rank_zscore	sample_rank_zscore	sample_wise_rank_then_training_only	sigmoid	external	GSE95233	(0.9, 1.0]	49	0.9949070057738688	1.0	0.9	1.0
sample_rank_zscore	sample_rank_zscore	sample_rank_zscore	training_fold_only	isotonic	internal_cv	GSE65682	(-0.001, 0.1]	41	0.0	0.0	-0.001	0.1
sample_rank_zscore	sample_rank_zscore	sample_rank_zscore	training_fold_only	isotonic	internal_cv	GSE65682	(0.1, 0.2]	1	0.1463077325162943	0.0	0.1	0.2
sample_rank_zscore	sample_rank_zscore	sample_rank_zscore	training_fold_only	isotonic	internal_cv	GSE65682	(0.8, 0.9]	1	0.8128602405682196	1.0	0.8	0.9
sample_rank_zscore	sample_rank_zscore	sample_rank_zscore	training_fold_only	isotonic	internal_cv	GSE65682	(0.9, 1.0]	50	1.0	1.0	0.9	1.0
sample_rank_zscore	sample_rank_zscore	sample_rank_zscore	training_fold_only	none	internal_cv	GSE65682	(-0.001, 0.1]	42	0.00018700967729084493	0.0	-0.001	0.1
sample_rank_zscore	sample_rank_zscore	sample_rank_zscore	training_fold_only	none	internal_cv	GSE65682	(0.6, 0.7]	1	0.6326652771943411	1.0	0.6	0.7
sample_rank_zscore	sample_rank_zscore	sample_rank_zscore	training_fold_only	none	internal_cv	GSE65682	(0.9, 1.0]	50	0.9976374080260284	1.0	0.9	1.0
sample_rank_zscore	sample_rank_zscore	sample_rank_zscore	training_fold_only	sigmoid	internal_cv	GSE65682	(-0.001, 0.1]	39	0.02159115006199001	0.0	-0.001	0.1
sample_rank_zscore	sample_rank_zscore	sample_rank_zscore	training_fold_only	sigmoid	internal_cv	GSE65682	(0.1, 0.2]	3	0.1614279158870948	0.0	0.1	0.2
sample_rank_zscore	sample_rank_zscore	sample_rank_zscore	training_fold_only	sigmoid	internal_cv	GSE65682	(0.7, 0.8]	1	0.7066455595092942	1.0	0.7	0.8
sample_rank_zscore	sample_rank_zscore	sample_rank_zscore	training_fold_only	sigmoid	internal_cv	GSE65682	(0.8, 0.9]	1	0.8134123377782885	1.0	0.8	0.9
sample_rank_zscore	sample_rank_zscore	sample_rank_zscore	training_fold_only	sigmoid	internal_cv	GSE65682	(0.9, 1.0]	49	0.9834500631354285	1.0	0.9	1.0
standard_zscore_train_only	standard_zscore_train_only	standard_zscore	training_fold_only	isotonic	internal_cv	GSE65682	(-0.001, 0.1]	41	0.0	0.0	-0.001	0.1
standard_zscore_train_only	standard_zscore_train_only	standard_zscore	training_fold_only	isotonic	internal_cv	GSE65682	(0.1, 0.2]	1	0.1080297833020913	0.0	0.1	0.2
standard_zscore_train_only	standard_zscore_train_only	standard_zscore	training_fold_only	isotonic	internal_cv	GSE65682	(0.7, 0.8]	1	0.7542539062405706	1.0	0.7	0.8
standard_zscore_train_only	standard_zscore_train_only	standard_zscore	training_fold_only	isotonic	internal_cv	GSE65682	(0.9, 1.0]	50	1.0	1.0	0.9	1.0
standard_zscore_train_only	standard_zscore_train_only	standard_zscore	training_fold_only	none	internal_cv	GSE65682	(-0.001, 0.1]	42	0.00024919072351313877	0.0	-0.001	0.1
standard_zscore_train_only	standard_zscore_train_only	standard_zscore	training_fold_only	none	internal_cv	GSE65682	(0.6, 0.7]	1	0.654577700441162	1.0	0.6	0.7
standard_zscore_train_only	standard_zscore_train_only	standard_zscore	training_fold_only	none	internal_cv	GSE65682	(0.9, 1.0]	50	0.9985726025875146	1.0	0.9	1.0
standard_zscore_train_only	standard_zscore_train_only	standard_zscore	training_fold_only	sigmoid	internal_cv	GSE65682	(-0.001, 0.1]	40	0.023778405453851143	0.0	-0.001	0.1
standard_zscore_train_only	standard_zscore_train_only	standard_zscore	training_fold_only	sigmoid	internal_cv	GSE65682	(0.1, 0.2]	1	0.1731208026012518	0.0	0.1	0.2
standard_zscore_train_only	standard_zscore_train_only	standard_zscore	training_fold_only	sigmoid	internal_cv	GSE65682	(0.2, 0.3]	1	0.218218962389893	0.0	0.2	0.3
standard_zscore_train_only	standard_zscore_train_only	standard_zscore	training_fold_only	sigmoid	internal_cv	GSE65682	(0.7, 0.8]	1	0.7029693318816251	1.0	0.7	0.8
standard_zscore_train_only	standard_zscore_train_only	standard_zscore	training_fold_only	sigmoid	internal_cv	GSE65682	(0.8, 0.9]	1	0.8496805968203924	1.0	0.8	0.9
standard_zscore_train_only	standard_zscore_train_only	standard_zscore	training_fold_only	sigmoid	internal_cv	GSE65682	(0.9, 1.0]	49	0.9822621427090448	1.0	0.9	1.0
standard_zscore_train_only	standard_zscore_train_only	standard_zscore	training_only	isotonic	external	GSE154918	(-0.001, 0.1]	79	0.0	0.4936708860759494	-0.001	0.1
standard_zscore_train_only	standard_zscore_train_only	standard_zscore	training_only	isotonic	external	GSE28750	(-0.001, 0.1]	30	0.0	0.3333333333333333	-0.001	0.1
standard_zscore_train_only	standard_zscore_train_only	standard_zscore	training_only	isotonic	external	GSE95233	(-0.001, 0.1]	73	0.0	0.6986301369863014	-0.001	0.1
standard_zscore_train_only	standard_zscore_train_only	standard_zscore	training_only	none	external	GSE154918	(-0.001, 0.1]	79	8.359729642328246e-35	0.4936708860759494	-0.001	0.1
standard_zscore_train_only	standard_zscore_train_only	standard_zscore	training_only	none	external	GSE28750	(-0.001, 0.1]	30	1.001815635971987e-06	0.3333333333333333	-0.001	0.1
standard_zscore_train_only	standard_zscore_train_only	standard_zscore	training_only	none	external	GSE95233	(-0.001, 0.1]	73	6.481086237111124e-06	0.6986301369863014	-0.001	0.1
standard_zscore_train_only	standard_zscore_train_only	standard_zscore	training_only	sigmoid	external	GSE154918	(-0.001, 0.1]	79	1.2983627656782131e-14	0.4936708860759494	-0.001	0.1
standard_zscore_train_only	standard_zscore_train_only	standard_zscore	training_only	sigmoid	external	GSE28750	(-0.001, 0.1]	30	0.0027249089686604572	0.3333333333333333	-0.001	0.1
standard_zscore_train_only	standard_zscore_train_only	standard_zscore	training_only	sigmoid	external	GSE95233	(-0.001, 0.1]	73	0.009849820400342477	0.6986301369863014	-0.001	0.1
